"app_id","language","recommendation_id","recommended","created_utc","retrieved_utc","url","sampling"
"1696440","schinese","235732093","False","2026-09-21T00:41:42.0000000+00:00","2026-10-01T14:31:11.2084620Z","https://steamcommunity.com/profiles/76561198256162209/recommended/1696440/","filter=all;purchase_type=all;review_type=positive|negative;num_per_page=2"
"1696440","schinese","235526982","False","2026-09-18T11:31:47.0000000+00:00","2026-10-01T14:31:11.2084620Z","https://steamcommunity.com/profiles/76561198110459375/recommended/1696440/","filter=all;purchase_type=all;review_type=positive|negative;num_per_page=2"
"1696440","schinese","235753327","True","2026-09-21T10:37:03.0000000+00:00","2026-10-01T14:31:10.8666011Z","https://steamcommunity.com/profiles/76561198856974614/recommended/1696440/","filter=all;purchase_type=all;review_type=positive|negative;num_per_page=2"
"1696440","schinese","234352242","True","2026-09-03T04:18:28.0000000+00:00","2026-10-01T14:31:10.8666011Z","https://steamcommunity.com/profiles/76561198372494336/recommended/1696440/","filter=all;purchase_type=all;review_type=positive|negative;num_per_page=2"
"2026000","english","234811386","False","2026-09-09T01:22:48.0000000+00:00","2026-10-01T14:31:09.8714401Z","https://steamcommunity.com/profiles/76561198076562751/recommended/2026000/","filter=all;purchase_type=all;review_type=positive|negative;num_per_page=2"
"2026000","english","236089779","False","2026-09-24T19:37:34.0000000+00:00","2026-10-01T14:31:09.8714401Z","https://steamcommunity.com/profiles/76561199209243851/recommended/2026000/","filter=all;purchase_type=all;review_type=positive|negative;num_per_page=2"
"2026000","english","235323567","True","2026-09-15T11:28:23.0000000+00:00","2026-10-01T14:31:09.5254238Z","https://steamcommunity.com/profiles/76561198041505055/recommended/2026000/","filter=all;purchase_type=all;review_type=positive|negative;num_per_page=2"
"2026000","english","236263405","True","2026-09-26T19:15:28.0000000+00:00","2026-10-01T14:31:09.5254238Z","https://steamcommunity.com/profiles/76561198176679763/recommended/2026000/","filter=all;purchase_type=all;review_type=positive|negative;num_per_page=2"
"2135150","japanese","236002374","False","2026-09-24T04:58:38.0000000+00:00","2026-10-01T14:31:10.5136969Z","https://steamcommunity.com/profiles/76561198373012141/recommended/2135150/","filter=all;purchase_type=all;review_type=positive|negative;num_per_page=2"
"2135150","japanese","235821233","False","2026-09-22T10:09:37.0000000+00:00","2026-10-01T14:31:10.5136969Z","https://steamcommunity.com/profiles/76561198128430576/recommended/2135150/","filter=all;purchase_type=all;review_type=positive|negative;num_per_page=2"
"2135150","japanese","234642686","True","2026-09-06T18:34:47.0000000+00:00","2026-10-01T14:31:10.1880558Z","https://steamcommunity.com/profiles/76561198231901444/recommended/2135150/","filter=all;purchase_type=all;review_type=positive|negative;num_per_page=2"
"2135150","japanese","235442295","True","2026-09-17T04:06:21.0000000+00:00","2026-10-01T14:31:10.1880558Z","https://steamcommunity.com/profiles/76561199240543034/recommended/2135150/","filter=all;purchase_type=all;review_type=positive|negative;num_per_page=2"
"2272900","english","233220699","False","2026-08-19T20:24:24.0000000+00:00","2026-10-01T14:31:12.5483890Z","https://steamcommunity.com/profiles/76561199177940856/recommended/2272900/","filter=all;purchase_type=all;review_type=positive|negative;num_per_page=2"
"2272900","english","232179056","False","2026-08-06T09:41:27.0000000+00:00","2026-10-01T14:31:12.5483890Z","https://steamcommunity.com/profiles/76561198023731733/recommended/2272900/","filter=all;purchase_type=all;review_type=positive|negative;num_per_page=2"
"2272900","english","234369322","True","2026-09-03T11:49:13.0000000+00:00","2026-10-01T14:31:12.2100382Z","https://steamcommunity.com/profiles/76561198139837546/recommended/2272900/","filter=all;purchase_type=all;review_type=positive|negative;num_per_page=2"
"2272900","english","234469377","True","2026-09-04T18:33:39.0000000+00:00","2026-10-01T14:31:12.2100382Z","https://steamcommunity.com/profiles/76561199700919062/recommended/2272900/","filter=all;purchase_type=all;review_type=positive|negative;num_per_page=2"
"794260","thai","225972659","False","2026-05-20T05:40:17.0000000+00:00","2026-10-01T14:31:11.9171834Z","https://steamcommunity.com/profiles/76561199790132370/recommended/794260/","filter=all;purchase_type=all;review_type=positive|negative;num_per_page=2"
"794260","thai","228269896","True","2026-06-18T17:36:21.0000000+00:00","2026-10-01T14:31:11.5359367Z","https://steamcommunity.com/profiles/76561198218517135/recommended/794260/","filter=all;purchase_type=all;review_type=positive|negative;num_per_page=2"
"794260","thai","223988314","True","2026-04-24T15:58:19.0000000+00:00","2026-10-01T14:31:11.5359367Z","https://steamcommunity.com/profiles/76561198398945772/recommended/794260/","filter=all;purchase_type=all;review_type=positive|negative;num_per_page=2"
