source,type,primary_use,commercial_game,attribution_required,license_or_terms,project_status,source_url,verified_date,notes
Kenney Audio,library,"UI; RPG; impacts; jingles; SFX",yes,no,CC0-1.0,ADOPT,https://kenney.nl/assets,2026-10-02,"Preserve included license and asset page"
Sonniss GameAudioGDC,library,"production SFX; ambience; Foley",yes,no,"GameAudioGDC Bundle License v2.0",ADOPT,https://sonniss.com/gdc-bundle-license/,2026-10-02,"No raw redistribution; AI/ML training prohibited; download-date license version governs"
OpenGameArt CC0,library,"music; RPG/fantasy SFX",yes,no,CC0-1.0,ADOPT,https://opengameart.org/,2026-10-02,"Per-item license; default to CC0"
OpenGameArt attribution licenses,library,"music; SFX",yes,yes,"OGA-BY/CC-BY per item",REVIEW,https://opengameart.org/node/5571,2026-10-02,"Review attribution and platform implications"
Freesound CC0,library,"ambience; Foley; environment",yes,no,CC0-1.0,ADOPT,https://freesound.org/,2026-10-02,"User-uploaded; preserve sound page/uploader/license"
Freesound CC-BY,library,"ambience; Foley; environment",yes,yes,CC-BY,REVIEW,https://freesound.org/help/faq/,2026-10-02,"Generate credits"
Freesound CC-BY-NC,library,audio,no,yes,CC-BY-NC,REJECT,https://freesound.org/help/faq/,2026-10-02,"Non-commercial"
itch.io CC0 Audio,marketplace,"music; SFX; UI",yes,no,CC0-1.0,ADOPT_AFTER_ITEM_CHECK,https://itch.io/game-assets/assets-cc0/free/tag-audio,2026-10-02,"Verify individual asset page"
DURU AI CC0 BGM,github,"code-synthesized BGM",yes,no,CC0-1.0,ADOPT,https://github.com/uncle-sheepsky/duru-ai-cc0-bgm,2026-10-02,"Use unified repo"
CC0-Public-Domain-Sounds,github,"aggregated SFX",conditional,conditional,aggregator,DISCOVERY,https://github.com/lavenderdotpet/CC0-Public-Domain-Sounds,2026-10-02,"Verify upstream provenance"
code4fukui/sound-cc0,github,"small SFX collection",conditional,no,CC0-oriented,OPTIONAL,https://github.com/code4fukui/sound-cc0,2026-10-02,"Preserve revision and per-file notes"
jfxr,generator,"original generated SFX",yes,no,"BSD-3-Clause code; output rights explicit",ADOPT,https://github.com/ttencate/jfxr,2026-10-02,"Store generator version and parameters"
jsfxr,generator,"retro/chiptune SFX",yes,no,Unlicense software,ADOPT_WITH_PROVENANCE,https://github.com/chr15m/jsfxr,2026-10-02,"Generate our own sounds; store parameters/version"
rFXGen,generator,"retro/chiptune SFX",yes,no,zlib/libpng software,ADOPT_WITH_PROVENANCE,https://github.com/raysan5/rfxgen,2026-10-02,"Generate our own sounds; store parameters/version"
Mixkit Sound Effects,library,"UI; arcade; generic SFX",yes,no,"Mixkit Sound Effects Free License",REVIEW,https://mixkit.co/license/modal/sfxFree/,2026-10-02,"Video games allowed; no standalone redistribution"
Mixkit Stock Music,library,music,no,n/a,"Mixkit Stock Music Free License",REJECT,https://mixkit.co/license/modal/musicFree/,2026-10-02,"Video games explicitly not allowed"
Pixabay Audio,library,"music; SFX",yes,no,"Pixabay Content License",REVIEW,https://pixabay.com/service/license-summary/,2026-10-02,"No standalone sale/distribution; verify item"
ZapSplat Basic,library,"SFX; music",yes,yes,"ZapSplat Standard License",REVIEW,https://www.zapsplat.com/license-type/standard-license/,2026-10-02,"Free/Basic requires ZapSplat credit"
ccMixter CC-BY,library,music,yes,yes,CC-BY,REVIEW,https://ccmixter.org/media/how-to-attribute-ccmixter-tracks,2026-10-02,"Store artist/track/license URLs"
ccMixter CC-BY-NC,library,music,no,yes,CC-BY-NC,REJECT,https://ccmixter.org/media/how-to-attribute-ccmixter-tracks,2026-10-02,"Non-commercial"
Creative Commons Search,discovery,"open-content search",conditional,conditional,"depends on original item",DISCOVERY_ONLY,https://search.creativecommons.org/,2026-10-02,"Verify original source page"
