"app_id","retrieved_utc","language","purchase_type","filter","positive","negative","total","percent_positive","steam_description","source"
"233860","2026-10-01T14:30:53.4263434Z","all","all","all","111886","5153","117039","95.6","Overwhelmingly Positive","https://store.steampowered.com/appreviews/233860?json=1&language=all&filter=all&purchase_type=all&num_per_page=1"
"251150","2026-10-01T14:42:34.5998310Z","all","all","all","9789","619","10408","94.1","Very Positive","https://store.steampowered.com/appreviews/251150?json=1&language=all&filter=all&purchase_type=all&num_per_page=1"
"365360","2026-10-01T14:30:53.7670587Z","all","all","all","25476","3457","28933","88.1","Very Positive","https://store.steampowered.com/appreviews/365360?json=1&language=all&filter=all&purchase_type=all&num_per_page=1"
"470310","2026-10-01T14:30:54.6062118Z","all","all","all","9222","652","9874","93.4","Very Positive","https://store.steampowered.com/appreviews/470310?json=1&language=all&filter=all&purchase_type=all&num_per_page=1"
"582010","2026-10-01T14:42:34.8837571Z","all","all","all","460175","58026","518201","88.8","Very Positive","https://store.steampowered.com/appreviews/582010?json=1&language=all&filter=all&purchase_type=all&num_per_page=1"
"794260","2026-10-01T14:30:53.1085987Z","all","all","all","22850","8586","31436","72.7","Mostly Positive","https://store.steampowered.com/appreviews/794260?json=1&language=all&filter=all&purchase_type=all&num_per_page=1"
"956680","2026-10-01T14:30:54.9424290Z","all","all","all","3502","624","4126","84.9","Very Positive","https://store.steampowered.com/appreviews/956680?json=1&language=all&filter=all&purchase_type=all&num_per_page=1"
"1114220","2026-10-01T14:42:35.1600123Z","all","all","all","3448","524","3972","86.8","Very Positive","https://store.steampowered.com/appreviews/1114220?json=1&language=all&filter=all&purchase_type=all&num_per_page=1"
"1696440","2026-10-01T14:30:52.3812018Z","all","all","all","6282","1658","7940","79.1","Mostly Positive","https://store.steampowered.com/appreviews/1696440?json=1&language=all&filter=all&purchase_type=all&num_per_page=1"
"1843470","2026-10-01T14:42:34.2537911Z","all","all","all","212","22","234","90.6","Very Positive","https://store.steampowered.com/appreviews/1843470?json=1&language=all&filter=all&purchase_type=all&num_per_page=1"
"1876890","2026-10-01T14:30:52.7617731Z","all","all","all","43488","2363","45851","94.8","Very Positive","https://store.steampowered.com/appreviews/1876890?json=1&language=all&filter=all&purchase_type=all&num_per_page=1"
"2026000","2026-10-01T14:30:51.7248929Z","all","all","all","3444","176","3620","95.1","Overwhelmingly Positive","https://store.steampowered.com/appreviews/2026000?json=1&language=all&filter=all&purchase_type=all&num_per_page=1"
"2135150","2026-10-01T14:30:52.0314597Z","all","all","all","8633","614","9247","93.4","Very Positive","https://store.steampowered.com/appreviews/2135150?json=1&language=all&filter=all&purchase_type=all&num_per_page=1"
"2272900","2026-10-01T14:30:54.1456076Z","all","all","all","1676","705","2381","70.4","Mostly Positive","https://store.steampowered.com/appreviews/2272900?json=1&language=all&filter=all&purchase_type=all&num_per_page=1"
